<?xml version="1.0" encoding="UTF-8"?>
<!DOCTYPE mapper
 PUBLIC "-//mybatis.org//DTD Mapper 3.0//EN"
 "https://mybatis.org/dtd/mybatis-3-mapper.dtd">
<mapper namespace="guestbook">
	<select id="g_list" resultType="com.ict.guestbook.db.GuestBookVO">
		select * from  guestbook order by gb_idx desc
	</select>
	
	<insert id="g_insert" parameterType="com.ict.guestbook.db.GuestBookVO">
		insert into guestbook(gb_name, gb_subject, gb_content, gb_email, gb_pw, gb_regdate) 
		values(#{gb_name},#{gb_subject},#{gb_content},#{gb_email},#{gb_pw},NOW())
	</insert>
	
	<select id="g_detail" parameterType="String" resultType="com.ict.guestbook.db.GuestBookVO">
		select * from guestbook where gb_idx = #{gb_idx}
	</select>
	<delete id="g_delete" parameterType="String">
		delete * form guestbook where gb_idx = #{gb_idx}
	</delete>
	<update id="g_update" parameterType="com.ict.guestbook.db.GuestBookVO">
	update guestbook
	set gb_name=#{gb_name},gb_subject=#{gb_subject},gb_email=#{gb_email},gb_content=#{gb_content}
	where gb_idx=#{gb_idx}
	</update>
</mapper>