<?xml version="1.0" encoding="UTF-8"?>
<!DOCTYPE configuration
  PUBLIC "-//mybatis.org//DTD Config 3.0//EN"
  "https://mybatis.org/dtd/mybatis-3-config.dtd">
<configuration>
	<environments default="development">
		<environment id="development">
			<transactionManager type="JDBC" />
			<dataSource type="POOLED">
				<property name="driver" value="com.mysql.cj.jdbc.Driver" />
				<property name="url" value="jdbc:mysql://localhost:3306/ictedu_db" />
				<property name="username" value="ictedu" />
				<property name="password" value="1111" />
			</dataSource>
		</environment>
	</environments>
	<mappers>
		<mapper resource="com/ict/guestbook/db/guestbook_mapper.xml" />
	</mappers>
</configuration>