<?xml version="1.0" encoding="UTF-8"?>
<!DOCTYPE mapper
 PUBLIC "-//mybatis.org//DTD Mapper 3.0//EN"
 "https://mybatis.org/dtd/mybatis-3-mapper.dtd">
<mapper namespace="guestbook2">
	<select id="gb2_list" resultType="com.ict.guestbook2.db.GuestBook2VO">
		select * from  guestbook2 order by gb2_idx desc
	</select>
	
	<insert id="gb2_insert" parameterType="com.ict.guestbook2.db.GuestBook2VO">
		insert into guestbook2(gb2_name, gb2_subject, gb2_content, gb2_email, gb2_pw, gb2_f_name, gb2_regdate) 
		values(#{gb2_name},#{gb2_subject},#{gb2_content},#{gb2_email},#{gb2_pw}, #{gb2_f_name}, NOW())
	</insert>
	
	<select id="gb2_detail" parameterType="String" resultType="com.ict.guestbook2.db.GuestBook2VO">
		select * from guestbook2 where gb2_idx = #{gb2_idx}
	</select>
	
	<update id="gb2_update" parameterType="com.ict.guestbook2.db.GuestBook2VO">
	update guestbook2
	set gb2_name=#{gb2_name},gb2_subject=#{gb2_subject},gb2_email=#{gb2_email},gb2_content=#{gb2_content}
	where gb2_idx=#{gb2_idx}
	</update>
	
	<delete id="gb2_delete" parameterType="String" >
		delete * form guestbook2 where gb2_idx = #{gb2_idx}
	</delete>
		
</mapper>